Kliniknamn,Stad,Bokadirekt,Redigera
"3DBeauty Clinic","Malmö","https://www.bokadirekt.se/places/3dbeauty-clinic-29315","https://battrehy.se/admin/kliniker/3dbeauty-clinic"
"A&R Beauty Medical Clinic","Linköping","https://www.bokadirekt.se/places/ar-beauty-clinic-129519","https://battrehy.se/admin/kliniker/a-r-beauty-medical-clinic"
"Add Face AB","Linköping","","https://battrehy.se/admin/kliniker/add-face-ab"
"Adel Estetik","Göteborg","https://www.bokadirekt.se/places/adel-estetik-goteborg-31026","https://battrehy.se/admin/kliniker/adel-estetik-goteborg"
"Adel Estetik","Stockholm","https://www.bokadirekt.se/places/adel-estetik-stockholm-12993","https://battrehy.se/admin/kliniker/adel-estetik"
"Åderbråcksklinikerna Norrköping","Norrköping","","https://battrehy.se/admin/kliniker/aderbracksklinikerna-norrkoping"
"Aesthé Clinic","Västerås","https://www.bokadirekt.se/places/aesthe-clinic-41066","https://battrehy.se/admin/kliniker/aesth-clinic"
"Aesthetic Art Clinic","Uppsala","https://www.bokadirekt.se/places/aesthetic-art-clinic-50628","https://battrehy.se/admin/kliniker/aesthetic-art-clinic"
"Aesthetic Dermapro Scandinavia Ab","Norrköping","https://www.bokadirekt.se/places/aesthetic-dermapro-scandinavia-28707","https://battrehy.se/admin/kliniker/aesthetic-dermapro-scandinavia-ab"
"Aesthetic Med Clinic i Norrköping","Norrköping","","https://battrehy.se/admin/kliniker/aesthetic-med-clinic-i-norrkoping-norrkoping"
"Aestheticare","Stockholm","https://www.bokadirekt.se/places/aestheticare-42503","https://battrehy.se/admin/kliniker/aestheticare"
"Agdeliuskliniken","Örebro","https://www.bokadirekt.se/places/hudkliniken-orebro-32384","https://battrehy.se/admin/kliniker/agdeliuskliniken"
"Age Balance skincare Ekerö","Ekerö","https://www.bokadirekt.se/places/age-balance-skincare-ekero-2732","https://battrehy.se/admin/kliniker/age-balance-skincare-ekero"
"Akademikliniken","Kungälv","","https://battrehy.se/admin/kliniker/akademikliniken-kungalv"
"Akademikliniken Skin Center Stureplan","Stockholm","https://ak.se/boka/","https://battrehy.se/admin/kliniker/akademikliniken-skin-center-stureplan"
"Åmåls Estetiska & Piercing","Åmål","https://www.bokadirekt.se/places/amals-estetiska-piercing-61130","https://battrehy.se/admin/kliniker/amals-estetiska-amp-piercing-amal"
"Amandakliniken AB","Saltsjöbaden","https://www.bokadirekt.se/places/amandakliniken-saltsjobaden-23731","https://battrehy.se/admin/kliniker/amandakliniken-ab-saltsjobaden"
"Amandakliniken Östermalm","Stockholm","https://www.bokadirekt.se/places/amandakliniken-ostermalm-24009","https://battrehy.se/admin/kliniker/amandakliniken-ostermalm"
"Amorra Beauty Clinic","Göteborg","https://www.bokadirekt.se/places/amorra-beauty-clinic-37670","https://battrehy.se/admin/kliniker/amorra-beauty-clinic"
"Andrum Hudvård","Lund","http://www.andrumhudvard.se/kontakt/","https://battrehy.se/admin/kliniker/andrum-hudvard"
"Art By S Skin & Beauty Clinic","Kungsbacka","http://www.bokadirekt.se/places/art-by-s-skin-beauty-clinic-32058","https://battrehy.se/admin/kliniker/art-by-s-skin-amp-beauty-clinic-kungsbacka"
"AS Skinclinic","Norrköping","https://www.bokadirekt.se/places/as-skinclinic-53727","https://battrehy.se/admin/kliniker/as-skinclinic"
"Astera Laser Clinic","Linköping","","https://battrehy.se/admin/kliniker/astera-laser-clinic"
"Ateljé Estetik by Jennie Johnsson","Sävedalen","https://ateljeestetik.bestille.no/OnCust2/#!/booking","https://battrehy.se/admin/kliniker/atelj-estetik-by-jennie-johnsson-savedalen"
"Atlaskliniken","Linköping","https://www.bokadirekt.se/places/atlaskliniken-39739","https://battrehy.se/admin/kliniker/atlaskliniken"
"Aya beauty salon","Helsingborg","https://www.bokadirekt.se/places/ayaz-beauty-salong-134845","https://battrehy.se/admin/kliniker/aya-beauty-salon"
"Balance by Lotta","Höllviken","https://app.meridiq.com/booking/NTg3Mw==?utm=meridiq","https://battrehy.se/admin/kliniker/balance-by-lotta-hollviken"
"Balansportalen AB","Västerås","https://www.bokadirekt.se/places/balansportalen-22591","https://battrehy.se/admin/kliniker/balansportalen-ab"
"Basic Beauty","Lund","https://www.bokadirekt.se/places/basic-beauty-12875","https://battrehy.se/admin/kliniker/basic-beauty"
"Bauer Clinic Linköping","Linköping","https://www.bokadirekt.se/places/bauer-clinic-linkoping-16665","https://battrehy.se/admin/kliniker/bauer-clinic-linkoping"
"Beautaholic By Ahrnberg AB","Lerum","https://app.meridiq.com/booking/NDYw?utm=meridiq","https://battrehy.se/admin/kliniker/beautaholic-by-ahrnberg-ab-lerum"
"Beautify by Dr Samira AB","Stockholm","https://www.bokadirekt.se/places/beautify-27468","https://battrehy.se/admin/kliniker/beautify-by-dr-samira-ab-stockholm"
"Beauty & Spa Centrum i Malmö AB","Malmö","https://www.bokadirekt.se/places/beauty-spa-centrum-i-malmo-ab-19863","https://battrehy.se/admin/kliniker/beauty-spa-centrum-i-malmo-ab"
"Beauty Area","Helsingborg","https://www.bokadirekt.se/places/beauty-area-31095","https://battrehy.se/admin/kliniker/beauty-area"
"Beauty Box","Bromma","https://www.bokadirekt.se/places/beauty-box-6306","https://battrehy.se/admin/kliniker/beauty-box"
"Beauty by alex","Helsingborg","https://www.bokadirekt.se/places/beauty-by-alex-23404","https://battrehy.se/admin/kliniker/beauty-by-alex"
"Beauty by Maria & Laser clinic","Västerås","https://www.bokadirekt.se/places/beauty-by-maria-laser-clinic-57390","https://battrehy.se/admin/kliniker/beauty-by-maria-laser-clinic"
"Beauty By S","Örebro","https://www.bokadirekt.se/places/beauty-by-s-49545","https://battrehy.se/admin/kliniker/beauty-by-s"
"Beauty By Tana","Stockholm","https://www.bokadirekt.se/places/beauty-by-tana-18735","https://battrehy.se/admin/kliniker/beauty-by-tana"
"Beauty Clinic by CJ","Stockholm","https://www.bokadirekt.se/places/beauty-clinic-by-cj-22891","https://battrehy.se/admin/kliniker/beauty-clinic-by-cj"
"Beauty Elite","Sundbyberg","https://www.bokadirekt.se/places/beauty-elite-18346","https://battrehy.se/admin/kliniker/beauty-elite"
"Beauty House Västerås","Västerås","https://www.bokadirekt.se/places/lanis-beauty-house-33685","https://battrehy.se/admin/kliniker/beauty-house-vasteras"
"Beauty Lounge Norrköping","Norrköping","https://www.bokadirekt.se/places/beauty-lounge-norrkoping-32482","https://battrehy.se/admin/kliniker/beauty-lounge-norrkoping"
"Beauty Sky AB","Linköping","https://www.bokadirekt.se/places/beauty-sky-ab-130276","https://battrehy.se/admin/kliniker/beauty-sky-ab"
"Beauty Sweden by Petra","Helsingborg","https://www.bokadirekt.se/places/beauty-sweden-by-petra-58234","https://battrehy.se/admin/kliniker/beauty-sweden-by-petra"
"Before/After Clinic","Malmö","https://www.bokadirekt.se/places/before-after-clinic-34303","https://battrehy.se/admin/kliniker/before-after-clinic"
"BEKKA BEAUTY, Stockholm","Stockholm","","https://battrehy.se/admin/kliniker/bekka-beauty-stockholm"
"Bella Donna Hudvård","Stockholm","https://www.bokadirekt.se/places/bella-donna-hudvard-16945","https://battrehy.se/admin/kliniker/bella-donna-hudvard"
"Beyond Clinic","Västerås","https://www.bokadirekt.se/places/beyond-clinic-43689","https://battrehy.se/admin/kliniker/beyond-clinic"
"Bio-Hudklinik LKPG","Linköping","","https://battrehy.se/admin/kliniker/bio-hudklinik-lkpg"
"Blanche klinik AB","Hovås","https://www.blancheklinik.se/boka-behandling","https://battrehy.se/admin/kliniker/blanche-klinik-ab-hovas"
"Bloom Klinik","Malmö","https://www.bokadirekt.se/places/bloom-klinik-32407","https://battrehy.se/admin/kliniker/bloom-klinik"
"Body & Beauty Laser Clinic","Linköping","https://www.bokadirekt.se/places/body-beauty-laser-clinic-27086","https://battrehy.se/admin/kliniker/body-beauty-laser-clinic"
"Body & Face, Beauty Salon in Malmö","Malmö","https://www.bokadirekt.se/places/bodyface-i-malmo-sedan-2010-50858","https://battrehy.se/admin/kliniker/body-face-beauty-salon-in-malmo"
"Body&Face i Malmö sedan 2010","Malmö","https://www.bokadirekt.se/places/bodyface-i-malmo-sedan-2010-50858","https://battrehy.se/admin/kliniker/body-face-i-malmo-sedan-2010"
"Botox Malmö","Malmö","https://www.bokadirekt.se/places/hansa-estetik-60269","https://battrehy.se/admin/kliniker/botox-malmo"
"BR Estetik","Helsingborg","https://www.bokadirekt.se/places/brestetik-50993","https://battrehy.se/admin/kliniker/br-estetik"
"Brenke Estetik AB","Kungsbacka","https://www.bokadirekt.se/places/brenke-estetik-ab-130185","https://battrehy.se/admin/kliniker/brenke-estetik-ab-kungsbacka"
"byKrona","Luleå","https://www.bokadirekt.se/places/bykrona-lulea-34096","https://battrehy.se/admin/kliniker/bykrona-lulea"
"ByThereseForYou","Köping","https://www.bokadirekt.se/places/bytherese-foryou-48342","https://battrehy.se/admin/kliniker/bythereseforyou-koping"
"Ça-Va Clinique","Hovås","https://www.bokadirekt.se/places/ca-va-clinique-41152","https://battrehy.se/admin/kliniker/a-va-clinique-hovas"
"Caelia Clinic","Strängnäs","https://www.caelia.se/boka-tid","https://battrehy.se/admin/kliniker/caelia-clinic-vendelso"
"Care Of Skin AB","Stockholm","https://www.bokadirekt.se/places/care-of-skin-40875","https://battrehy.se/admin/kliniker/care-of-skin-ab"
"Carma Concept","Kungsbacka","https://www.bokadirekt.se/places/carma-concept-49085","https://battrehy.se/admin/kliniker/carma-concept-kungsbacka"
"CC Clinic","Rydebäck","https://www.bokadirekt.se/places/cc-clinic-ab-39006","https://battrehy.se/admin/kliniker/cc-clinic"
"Celebrate Beauty","Malmö","https://www.bokadirekt.se/places/celebratebeauty-44183","https://battrehy.se/admin/kliniker/celebrate-beauty"
"Céline Academy AB - Skönhetssalong & Akademi i Västerås","Västerås","","https://battrehy.se/admin/kliniker/c-line-academy-ab-skonhetssalong-akademi-i-vasteras"
"Cfo clinic","Umeå","http://www.bokadirekt.se/places/cfo-clinic-34672","https://battrehy.se/admin/kliniker/cfo-clinic-umea"
"Chapmanskliniken Bromma","Bromma","https://www.bokadirekt.se/places/chapmanskliniken-bromma-128995","https://battrehy.se/admin/kliniker/chapmanskliniken-bromma"
"Chapmanskliniken Kungsholmen","Stockholm","https://www.bokadirekt.se/places/chapmanskliniken-kungsholmen-132626","https://battrehy.se/admin/kliniker/chapmanskliniken-kungsholmen"
"Chloé Clinique","Västerås","","https://battrehy.se/admin/kliniker/chlo-clinique"
"Citylaser - Estetisk skönhetsklinik","Göteborg","https://www.citylaser.se/boka-tid","https://battrehy.se/admin/kliniker/citylaser-estetisk-skonhetsklinik"
"Claire Lind Estetik","Åkersberga","https://www.bokadirekt.se/places/studiofin-15620?sr=424D84DD_CBFE_4448_82FD_69CA1A382FCD","https://battrehy.se/admin/kliniker/claire-lind-estetik-akersberga"
"Clinic Charisma","Ljungby","https://www.bokadirekt.se/places/reckcreation-clinic-charisma-33401","https://battrehy.se/admin/kliniker/clinic-charisma-ljungby"
"Clinic HLA Center","Göteborg","https://www.bokadirekt.se/places/clinic-hla-center-35382","https://battrehy.se/admin/kliniker/clinic-hla-center"
"Clinic L","Örebro","https://www.bokadirekt.se/places/style-laser-klinik-36066","https://battrehy.se/admin/kliniker/clinic-l"
"Clinic Lihong","Uppsala","https://www.bokadirekt.se/places/clinic-lihong-12938","https://battrehy.se/admin/kliniker/clinic-lihong"
"Clinic N.VY - Botox och CoolSculpting i Malmö","Malmö","https://www.bokadirekt.se/places/clinic-nvy-malmo-36824","https://battrehy.se/admin/kliniker/clinic-n-vy-botox-och-coolsculpting-i-malmo"
"Clinica Sverige","Göteborg","https://www.bokadirekt.se/places/style-studio-sverige-ab-19213","https://battrehy.se/admin/kliniker/clinica-sverige"
"Cloud Nine Clinic","Stockholm","https://www.bokadirekt.se/places/salong-chloe-46863","https://battrehy.se/admin/kliniker/cloud-nine-clinic"
"CO Aesthetics Fillers & Botox Malmö","Malmö","https://www.bokadirekt.se/places/co-aesthetics-56616","https://battrehy.se/admin/kliniker/co-aesthetics-fillers-botox-malmo"
"Complete Skin","Stockholm","https://www.bokadirekt.se/places/complete-skin-17434","https://battrehy.se/admin/kliniker/complete-skin"
"DeniCare AB","Helsingborg","","https://battrehy.se/admin/kliniker/denicare-ab-helsingborg"
"Dental Ortho Beauty clinic","Helsingborg","","https://battrehy.se/admin/kliniker/dental-ortho-beauty-clinic"
"Derma Aesthetics Clinic","Stockholm","https://www.bokadirekt.se/places/derma-aesthetics-clinic-47519","https://battrehy.se/admin/kliniker/derma-aesthetics-clinic"
"Derma Beauty Clinic","Stockholm","https://www.bokadirekt.se/places/derma-beauty-clinic-57554","https://battrehy.se/admin/kliniker/derma-beauty-clinic"
"Dermacell Kliniken","Göteborg","https://www.bokadirekt.se/places/dermacell-kliniken-9806","https://battrehy.se/admin/kliniker/dermacell-kliniken"
"Dermanovum hud- och kroppsvård","Helsingborg","https://www.dermanovum.se/reservering/","https://battrehy.se/admin/kliniker/dermanovum-hud-och-kroppsvard"
"Diagnostiskt Centrum Hud i Helsingborg","Helsingborg","","https://battrehy.se/admin/kliniker/diagnostiskt-centrum-hud-i-helsingborg"
"Diagnostiskt Centrum Hud Linköping","Linköping","","https://battrehy.se/admin/kliniker/diagnostiskt-centrum-hud-linkoping"
"Diamond Plastikkirurgi","Örebro","https://www.diamondplastikkirurgi.se/boka-tid/","https://battrehy.se/admin/kliniker/diamond-plastikkirurgi"
"Din Nära Hudspecialist","Örebro","","https://battrehy.se/admin/kliniker/din-nara-hudspecialist"
"Din Tid","Stockholm","https://www.bokadirekt.se/places/din-tid-46801","https://battrehy.se/admin/kliniker/din-tid"
"Diva Estetik","Göteborg","https://www.bokadirekt.se/places/diva-estetik-135139","https://battrehy.se/admin/kliniker/botox-goteborg-exklusiv-klinik"
"Divine Skin","Linköping","","https://battrehy.se/admin/kliniker/divine-skin"
"DM Beauty Clinic","Göteborg","https://www.bokadirekt.se/places/dm-beauty-clinic-24716","https://battrehy.se/admin/kliniker/dm-beauty-clinic"
"DOKTORSARA","Sundbyberg","https://www.bokadirekt.se/places/doktorsara-30175","https://battrehy.se/admin/kliniker/doktorsara-sundbyberg-bokadirekt"
"Dr. Ban Clinic & Academy","Linköping","","https://battrehy.se/admin/kliniker/dr-ban-clinic-academy"
"Dr. Ferlin Health & Esthetics","Stockholm","https://www.bokadirekt.se/places/dr-ferlin-36643","https://battrehy.se/admin/kliniker/dr-ferlin-health-amp-esthetics-stockholm"
"Drpamsclinic","Helsingborg","https://www.bokadirekt.se/places/drpamsclinic-dr-pamela-samrani-28726","https://battrehy.se/admin/kliniker/drpamsclinic"
"Ego Estetica","Höganäs","https://www.bokadirekt.se/places/ego-estetica-37283","https://battrehy.se/admin/kliniker/ego-estetica-hoganas"
"Egoiste Gbg","Göteborg","https://www.bokadirekt.se/places/egoiste-gbg-klinik-7987","https://battrehy.se/admin/kliniker/egoiste-gbg-goteborg"
"Eklandakliniken","Särö","https://www.bokadirekt.se/places/eklandakliniken-i-saro-8672","https://battrehy.se/admin/kliniker/eklandakliniken-saro"
"Elite Clinic Plastikkirurgi","Mölndal","https://eliteclinic.se/boka?_gl=1*1ebpvt8*_up*MQ..*_ga*MTQ2MjkxMjc0NC4xNzgxMTA3NjM5*_ga_NYVKTEGXLL*czE3ODExMDc2MzgkbzEkZzAkdDE3ODExMDc2MzgkajYwJGwwJGgwJGRQRUFXZEJqVUZxVkJnRnVjSl9tY09YYWVWNDN2NkRZT1hR","https://battrehy.se/admin/kliniker/elite-clinic-plastikkirurgi"
"Estetik by Petra","Lund","https://www.bokadirekt.se/places/estetik-by-petra-54421","https://battrehy.se/admin/kliniker/estetik-by-petra"
"Estetikspecialisten","Malmö","https://www.bokadirekt.se/places/estetikspecialisten-4654","https://battrehy.se/admin/kliniker/dermapeel-hudvardsklinik-skonhetssalong-i-malmo"
"EstetikZ Klinik","Helsingborg","https://bokadirekt.se/places/estetikz-klinik-54632","https://battrehy.se/admin/kliniker/estetikz-klinik"
"Estetiska Kliniken","Sundsvall","https://www.bokadirekt.se/places/estetiska-kliniken-49539","https://battrehy.se/admin/kliniker/estetiska-kliniken-sundsvall"
"Face & Soul","Västerås","https://www.bokadirekt.se/places/face-soul-39654","https://battrehy.se/admin/kliniker/face-soul"
"Face Design Kalmar","Kalmar","https://facedesignkalmar.se/kontakt/","https://battrehy.se/admin/kliniker/face-design-kalmar-kalmar"
"Faceboost Klinik Botox|Fillers|Laser","Linköping","https://www.bokadirekt.se/places/faceboost-klinik-fillersbotoxlaser-17748","https://battrehy.se/admin/kliniker/faceboost-klinik-botox-fillers-laser"
"Faceclinic West AB","Askim","https://www.bokadirekt.se/places/faceclinic-34032","https://battrehy.se/admin/kliniker/faceclinic-west-ab-askim"
"FaceWellness Sweden AB","Örebro","https://www.bokadirekt.se/places/facewellness-sweden-29770","https://battrehy.se/admin/kliniker/facewellness-sweden-ab"
"Fillers by me Västerås","Västerås","https://www.bokadirekt.se/places/fillers-by-me-vasteras-ab-25871","https://battrehy.se/admin/kliniker/fillers-by-me-vasteras-vasteras"
"Fillersbyme","Västerås","https://www.bokadirekt.se/places/fillers-by-me-vasteras-ab-25871","https://battrehy.se/admin/kliniker/fillersbyme"
"Forma Vita Dalarna","Borlänge","https://formavita.se/kliniker","https://battrehy.se/admin/kliniker/forma-vita-dalarna-borlange"
"Formedico Estetik","Stockholm","https://www.bokadirekt.se/places/formedico-estetik-17288","https://battrehy.se/admin/kliniker/formedico-estetik-stockholm"
"FROG.NU","Enskede","https://www.bokadirekt.se/places/frognu-40681","https://battrehy.se/admin/kliniker/frog-nu-enskede"
"Gamborg Medicreation","Göteborg","","https://battrehy.se/admin/kliniker/gamborg-medicreation-goteborg"
"Gattino Beauty","Helsingborg","https://www.bokadirekt.se/places/gattino-beauty-nails-helsingborg-6405","https://battrehy.se/admin/kliniker/gattino-beauty"
"Glansa Skincare","Göteborg","https://www.bokadirekt.se/places/klinik-engelbrekt-27037","https://battrehy.se/admin/kliniker/glansa-skincare"
"Global Aesthetic","Sundbyberg","https://www.bokadirekt.se/places/global-aesthetic-ursvik-47212","https://battrehy.se/admin/kliniker/global-aesthetic-sundbyberg"
"Göta Hudklinik","Göteborg","https://www.bokadirekt.se/places/gota-hudklinik-26862","https://battrehy.se/admin/kliniker/gota-hudklinik"
"Göteborgs Estetisk Medicin Klinik","Göteborg","https://www.bokadirekt.se/places/goteborgs-estetisk-medicin-klinik-30102","https://battrehy.se/admin/kliniker/goteborgs-estetisk-medicin-klinik"
"Gothia Kliniken","Göteborg","https://www.bokadirekt.se/places/gothia-kliniken-35792","https://battrehy.se/admin/kliniker/gothia-kliniken-goteborg"
"Green Clinique","Helsingborg","https://www.bokadirekt.se/places/green-clinique-59451","https://battrehy.se/admin/kliniker/green-clinique-helsingborg-sweden"
"Grevgatan Skincare","Stockholm","https://www.bokadirekt.se/places/grevgatan-skincare-13369","https://battrehy.se/admin/kliniker/grevgatan-skincare"
"H.L Beautiful Clinic","Stockholm","https://www.bokadirekt.se/places/hl-beautiful-clinic-131111","https://battrehy.se/admin/kliniker/h-l-beautiful-clinic"
"Hälsocentrum","Norrköping","","https://battrehy.se/admin/kliniker/halsocentrum"
"Holt Hudklinik Helsingborg","Helsingborg","https://www.holthudklinik.se/tidsbokning","https://battrehy.se/admin/kliniker/holt-hudklinik-helsingborg"
"House Of Aesthetics","Malmö","https://www.bokadirekt.se/places/house-of-aesthetics-34817","https://battrehy.se/admin/kliniker/house-of-aesthetics"
"Hud & Kroppshälsan","Norrköping","https://www.bokadirekt.se/places/kroppshalsan-33243","https://battrehy.se/admin/kliniker/hud-kroppshalsan"
"HudDoktorn i Örebro AB","Örebro","https://www.bokadirekt.se/profile-places/huddoktorn-i-orebro-aktiebolag-105454","https://battrehy.se/admin/kliniker/huddoktorn-i-orebro-ab"
"Huden i Centrum","Malmö","https://www.bokadirekt.se/places/huden-i-centrum-24256","https://battrehy.se/admin/kliniker/huden-i-centrum"
"Hudfix Örebro AB","Örebro","https://www.timecenter.se/hudfix/","https://battrehy.se/admin/kliniker/hudfix-orebro-ab-orebro"
"Hudkliniken Örebro","Örebro","https://www.bokadirekt.se/places/hudkliniken-orebro-32384","https://battrehy.se/admin/kliniker/hudkliniken-orebro"
"Hudkliniken Skåne","Malmö","https://www.bokadirekt.se/places/hudkliniken-skane-59171","https://battrehy.se/admin/kliniker/hudkliniken-skane"
"Hudläkaren i Umeå AB","Umeå","https://www.bokadirekt.se/places/hudlakaren-i-umea-41331","https://battrehy.se/admin/kliniker/hudlakaren-i-umea-ab-umea"
"Hudläkarna AB","Linköping","https://hudlakarna.se/boka-tid--kontakt","https://battrehy.se/admin/kliniker/hudlakarna-ab"
"Hudvård & Massage i Lund - Elli's Wellness AB","Lund","","https://battrehy.se/admin/kliniker/hudvard-massage-i-lund-elli-s-wellness-ab"
"HY","Göteborg","https://www.bokadirekt.se/places/hy-18925","https://battrehy.se/admin/kliniker/hy"
"I.M Health","Västerås","","https://battrehy.se/admin/kliniker/i-m-health"
"IBA Estetik","Eskilstuna","https://www.bokadirekt.se/places/iba-estetik-34496","https://battrehy.se/admin/kliniker/iba-estetik-eskilstuna"
"Ideal Clinic","Västerås","https://www.bokadirekt.se/places/ideal-clinic-50596","https://battrehy.se/admin/kliniker/ideal-clinic"
"Iform Norrköping Hud & Hälsa - LPG och Cryo 21","Norrköping","https://www.bokadirekt.se/places/hud-halsa-37777","https://battrehy.se/admin/kliniker/iform-norrkoping-hud-halsa-lpg-och-cryo-21"
"IKON","Västerås","https://www.bokadirekt.se/places/ikon-39525","https://battrehy.se/admin/kliniker/ikon"
"Infinity of Beauty | Skönhetsbehandlingar för kropp och ansikte","Stockholm","https://www.infinityofbeauty.se/#bokning","https://battrehy.se/admin/kliniker/infinity-of-beauty-skonhetsbehandlingar-for-kropp-och-ansikte"
"Inject Art","Göteborg","https://www.bokadirekt.se/places/inject-art-by-marie-47678","https://battrehy.se/admin/kliniker/inject-art-goteborg"
"Ink&Beauty","Linköping","https://www.bokadirekt.se/places/ink-station-133457","https://battrehy.se/admin/kliniker/ink-beauty"
"INSKINITY","Stockholm","https://www.inskinity.se/boka","https://battrehy.se/admin/kliniker/inskinity"
"IP Beauty","Kungälv","https://www.bokadirekt.se/places/ip-beauty-29954","https://battrehy.se/admin/kliniker/ip-beauty-kungalv"
"JL Medical - Botox, Fillers & Plastikkirurgi","Linköping","https://jlm.kaddio.com/booking/cal?step=pickTime","https://battrehy.se/admin/kliniker/jl-medical-botox-fillers-plastikkirurgi"
"Karlstads Kirurgiska Laserklinik","Karlstad","https://www.bokadirekt.se/places/karlstads-kirurgiska-laserklinik-15967","https://battrehy.se/admin/kliniker/karlstads-kirurgiska-laserklinik-karlstad"
"Karlstads Kirurgiska Laserklinik","Kristinehamn","https://www.bokadirekt.se/places/karlstads-kirurgiska-laserklinik-kristinehamn-131242","https://battrehy.se/admin/kliniker/karlstads-kirurgiska-laserklinik-kristinehamn"
"Kerstin Esberg Hudvårdsspecialist","Stockholm","https://www.bokadirekt.se/places/kerstin-esberg-hudvardsspecialist-4702","https://battrehy.se/admin/kliniker/kerstin-esberg-hudvardsspecialist"
"KH ESTETIK","Stockholm","https://www.bokadirekt.se/places/kh-estetik-gardet-38754","https://battrehy.se/admin/kliniker/kh-estetik-stockholm"
"Klinik By Elle AB","Malmö","","https://battrehy.se/admin/kliniker/klinik-by-elle-ab-malmo"
"Klinik Estetik i Kalmar","Kalmar","https://www.bokadirekt.se/places/klinik-estetik-i-kalmar-38333","https://battrehy.se/admin/kliniker/klinik-estetik-i-kalmar-kalmar"
"Klinik Kontur","Ystad","https://www.bokadirekt.se/places/klinik-kontur-130259","https://battrehy.se/admin/kliniker/christines-klinik-ystad"
"Klinik Petite","Enköping","https://www.bokadirekt.se/places/klinik-petite-36264","https://battrehy.se/admin/kliniker/klinik-petite"
"Klinik Refine","Göteborg","https://www.bokadirekt.se/places/nala-refine-128611","https://battrehy.se/admin/kliniker/klinik-refine"
"Klinik Täby","Täby","https://www.bokadirekt.se/places/klinik-taby-27111","https://battrehy.se/admin/kliniker/klinik-taby-park-taby"
"Klinik Wall","Sollefteå","https://www.bokadirekt.se/places/klinik-wall-42341","https://battrehy.se/admin/kliniker/klinik-wall-solleftea"
"Klinik Zi","Uppsala","https://www.bokadirekt.se/places/klinik-zi-47635","https://battrehy.se/admin/kliniker/klinik-zi"
"Klinikfin","Sölvesborg","","https://battrehy.se/admin/kliniker/klinikfin-solvesborg"
"Kungsbacka Skönhet och Estetik","Kungsbacka","https://www.bokadirekt.se/places/kungsbacka-skonhet-och-estetik-44058","https://battrehy.se/admin/kliniker/kungsbacka-skonhet-och-estetik-kungsbacka"
"LaDerma Hudvård och Skönhetsklinik","Malmö","https://www.bokadirekt.se/places/laderma-15662","https://battrehy.se/admin/kliniker/laderma-hudvard-och-skonhetsklinik"
"Lammgårds Spa & Massage","Örebro","","https://battrehy.se/admin/kliniker/lammgards-spa-massage"
"Lanas Beauty/ LB Brows & Fillers AB","Linköping","https://www.bokadirekt.se/places/lana-beauty-lounge-50648","https://battrehy.se/admin/kliniker/lanas-beauty-lb-brows-fillers-ab"
"Laser & Beauty Clinic in Norrköping AB","Norrköping","","https://battrehy.se/admin/kliniker/laser-beauty-clinic-in-norrkoping-ab"
"Laser & Hudvårdskliniken","Linköping","","https://battrehy.se/admin/kliniker/laser-hudvardskliniken"
"Laser Focus Clinique Sverige AB","Göteborg","https://www.bokadirekt.se/places/laser-focus-clinique-5126","https://battrehy.se/admin/kliniker/laser-focus-clinique-sverige-ab"
"LaserCenter","Solna","https://www.bokadirekt.se/places/lasercenter-23136","https://battrehy.se/admin/kliniker/lasercenter"
"Laserkliniken","Göteborg","https://www.bokadirekt.se/places/laserkliniken-6358","https://battrehy.se/admin/kliniker/laserkliniken"
"Laserverket AB","Stockholm","https://www.bokadirekt.se/places/laserverket-14828","https://battrehy.se/admin/kliniker/laserverket-ab"
"Lemoge Clinic","Stockholm","https://www.bokadirekt.se/places/lemoge-of-sweden-stockholm-48437","https://battrehy.se/admin/kliniker/lemoge-clinic"
"Lia beauty, Linköping laserklink och behandling hårborttagning","Linköping","https://www.bokadirekt.se/places/lia-beauty-59751","https://battrehy.se/admin/kliniker/lia-beauty-linkoping-laserklink-och-behandling-harborttagning"
"Lifetime Clinic Uppsala","Uppsala","","https://battrehy.se/admin/kliniker/lifetime-clinic-uppsala"
"Linköping Laserklinik - Laser, Onda, Vivace Linköping","Linköping","https://www.bokadirekt.se/places/linkoping-laserklinik-18778","https://battrehy.se/admin/kliniker/linkoping-laserklinik-laser-onda-vivace-linkoping"
"LMD Nordic","Stockholm","","https://battrehy.se/admin/kliniker/lmd-nordic-stockholm"
"Löfvingkliniken","Göteborg","","https://battrehy.se/admin/kliniker/lofvingkliniken"
"Lookinggood","Stockholm","https://www.bokadirekt.se/places/lookinggood-40638","https://battrehy.se/admin/kliniker/lookinggood"
"LT Injektionsstudio AB","Göteborg","https://www.bokadirekt.se/places/lt-injektions-studio-54651","https://battrehy.se/admin/kliniker/lt-injektionsstudio-ab-goteborg"
"Lumine studio","Stockholm","https://www.bokadirekt.se/places/lumine-studio-estetik-renewal-hudvard-stockholm-57372","https://battrehy.se/admin/kliniker/lumine-studio"
"LUMINE studio | ESTETIK & RENEWAL | HUDVÅRD STOCKHOLM","Stockholm","https://www.bokadirekt.se/places/lumine-studio-estetik-renewal-hudvard-stockholm-57372","https://battrehy.se/admin/kliniker/lumine-studio-estetik-renewal-hudvard-stockholm"
"Lux Treatments","Linköping","https://www.bokadirekt.se/places/lux-treatments-58504","https://battrehy.se/admin/kliniker/lux-treatments"
"Luxurytreatments Helsingborg","Helsingborg","","https://battrehy.se/admin/kliniker/luxurytreatments-helsingborg"
"Lyklinik","Norrköping","https://www.bokadirekt.se/places/lyklinik-46445","https://battrehy.se/admin/kliniker/lyklinik"
"M-GLOW SKINCARE EXPERT Clinic","Helsingborg","https://www.bokadirekt.se/places/m-glow-skincare-expert-clinic-133089","https://battrehy.se/admin/kliniker/m-glow-skincare-expert-clinic"
"Make Up Center - Skönhetsklinik (Hudvård) Norrköping","Norrköping","https://www.bokadirekt.se/places/make-up-center-norrkoping-fd-makeupstore-34377","https://battrehy.se/admin/kliniker/make-up-center-skonhetsklinik-hudvard-norrkoping"
"Malmö Skin Clinic","Malmö","https://www.bokadirekt.se/places/malmo-skin-clinic-57952","https://battrehy.se/admin/kliniker/malmo-skin-clinic"
"Mandy Medical","Sollentuna","","https://battrehy.se/admin/kliniker/mandy-medical-sollentuna"
"Maria Beauty Clinic AB","Örebro","https://www.bokadirekt.se/places/maria-beauty-clinic-59887","https://battrehy.se/admin/kliniker/maria-beauty-clinic-ab"
"Maria Gylling Professionell Hudvård","Göteborg","https://www.bokadirekt.se/places/maria-gylling-professionell-hudvard-10517","https://battrehy.se/admin/kliniker/maria-gylling-professionell-hudvard"
"Mariams BeautyCenter AB","Malmö","https://www.bokadirekt.se/places/mariams-beautycenter-ab-49843","https://battrehy.se/admin/kliniker/mariams-beautycenter-ab"
"Marvelous by M","Stockholm","https://www.bokadirekt.se/places/marvelous-by-m-47839","https://battrehy.se/admin/kliniker/marvelous-by-m-stockholm"
"Marwa Beauty Clinic","Skärholmen","https://www.bokadirekt.se/places/marwa-beauty-clinic-42982","https://battrehy.se/admin/kliniker/marwa-beauty-clinic"
"Mase Clinic AB","Stockholm","https://www.bokadirekt.se/places/mase-clinic-40621","https://battrehy.se/admin/kliniker/mase-clinic-ab-stockholm"
"Maya Skin Clinic","Jönköping","https://www.bokadirekt.se/places/maya-skin-clinic-47503","https://battrehy.se/admin/kliniker/maya-skin-clinic-jonkoping"
"MBC MEDICAL","Göteborg","https://www.bokadirekt.se/places/mbc-medical-130463","https://battrehy.se/admin/kliniker/mbc-medical"
"MDs Dermocare","Uppsala","https://www.bokadirekt.se/places/mds-dermocare-10313","https://battrehy.se/admin/kliniker/mds-dermocare"
"MedEstetica Sweden AB","Alingsås","https://www.bokadirekt.se/places/medestetica-kliniken-28159","https://battrehy.se/admin/kliniker/medestetica-sweden-ab-alingsas"
"MEDI Laser & Fotklinik","Åby","https://www.bokadirekt.se/places/medi-laser-fotklinik-3735","https://battrehy.se/admin/kliniker/medi-laser-fotklinik"
"MiDa Beauty Clinic","Malmö","","https://battrehy.se/admin/kliniker/mida-beauty-clinic"
"Miderma Clinic AB","Stockholm","https://www.bokadirekt.se/places/miderma-clinic-ab-46029","https://battrehy.se/admin/kliniker/miderma-clinic-ab-stockholm"
"Min hud","Stockholm","https://www.bokadirekt.se/places/min-hud-128923","https://battrehy.se/admin/kliniker/min-hud"
"Modern Beauty Clinic Lund AB","Lund","https://www.bokadirekt.se/places/modern-beauty-clinic-lund-ab-31323","https://battrehy.se/admin/kliniker/modern-beauty-clinic-lund-ab"
"Molding AB","Uppsala","","https://battrehy.se/admin/kliniker/molding-ab-uppsala"
"My Clinic Sweden AB","Stockholm","https://www.bokadirekt.se/places/myclinic-norrmalm-37264?_gl=1*4a0hgz*_ga*MjEyNzExMzU2LjE3ODExMjg0NTU.*_ga_D1PX4FSZ3D*czE3ODExMjg0NTUkbzEkZzAkdDE3ODExMjg0NTckajYwJGwwJGgxMTg2MDg1MzI0*_gcl_au*MTY3NTQyNjk1Ni4xNzgxMTI4NDU4","https://battrehy.se/admin/kliniker/my-clinic-sweden-ab-stockholm"
"NO:MA Sthlm","Stockholm","https://www.bokadirekt.se/places/no-ma-sthlm-53171","https://battrehy.se/admin/kliniker/no-ma-sthlm"
"NOIR by M | Botox och fillers i Malmö","Malmö","https://noirbym.com/sv/boka/","https://battrehy.se/admin/kliniker/noir-by-m-botox-och-fillers-i-malmo"
"Nord Clinic","Okänd","","https://battrehy.se/admin/kliniker/nord-clinic"
"Nordic Medical Clinic","Malmö","https://www.bokadirekt.se/places/nordic-medical-clinic-25038","https://battrehy.se/admin/kliniker/nordic-medical-clinic"
"Nordic Skin Klinik Jakobsberg","Järfälla","https://www.bokadirekt.se/places/nordic-skin-klinik-specialistlakarklinik-46538","https://battrehy.se/admin/kliniker/nordic-skin-klinik-jakobsberg"
"Norrköpings laserklinik","Norrköping","https://www.bokadirekt.se/places/norrkopings-laserklinik-permanent-harborttagning-61701","https://battrehy.se/admin/kliniker/norrkopings-laserklinik"
"Nova Skin Klinik","Stockholm","https://www.bokadirekt.se/places/nova-skin-klinik-sodermalm-47560","https://battrehy.se/admin/kliniker/nova-skin-klinik"
"Nyanser Av Skönhet","Norrköping","https://www.bokadirekt.se/places/nyanser-av-skonhet-34689","https://battrehy.se/admin/kliniker/nyanser-av-skonhet"
"Odenplanskliniken","Stockholm","https://www.bokadirekt.se/places/odenplanskliniken-35930","https://battrehy.se/admin/kliniker/odenplanskliniken"
"Optima Tandvård","Täby","","https://battrehy.se/admin/kliniker/optima-tandvard-taby"
"Örebro Laser Center","Örebro","https://www.bokadirekt.se/places/orebro-lasercenter-55965","https://battrehy.se/admin/kliniker/orebro-laser-center"
"Örebrokliniken","Örebro","https://www.bokadirekt.se/places/orebrokliniken-25546","https://battrehy.se/admin/kliniker/orebrokliniken"
"Orkide klinik","Norrköping","https://www.bokadirekt.se/places/lyklinik-46445","https://battrehy.se/admin/kliniker/orkide-klinik"
"Öviks Wellness","Örnsköldsvik","https://www.bokadirekt.se/places/oviks-wellness-133106","https://battrehy.se/admin/kliniker/oviks-wellness"
"Plastikakademin","Linköping","https://www.bokadirekt.se/places/plastikakademin-16793","https://battrehy.se/admin/kliniker/plastikakademin"
"Plastikguiden Johan Thorfinn","Linköping","https://www.bokadirekt.se/places/plastikakademin-16793","https://battrehy.se/admin/kliniker/plastikguiden-johan-thorfinn"
"Prima Estetik Medicin","Göteborg","https://www.bokadirekt.se/places/prima-estetik-medicin-39477","https://battrehy.se/admin/kliniker/prima-estetik-medicin"
"Pure","Uppsala","https://www.bokadirekt.se/places/pure-uppsala-37933","https://battrehy.se/admin/kliniker/pure"
"Pure Massage Studio","Stockholm","https://www.bokadirekt.se/places/pure-balance-livskraft-18036","https://battrehy.se/admin/kliniker/pure-massage-studio"
"Qui","Göteborg","https://www.bokadirekt.se/places/qui-5505","https://battrehy.se/admin/kliniker/qui"
"Reborn Avenue","Helsingborg","https://www.bokadirekt.se/places/reborn-avenue-22117","https://battrehy.se/admin/kliniker/reborn-avenue"
"Refine Medicin och Estetik","Jönköping","https://www.bokadirekt.se/places/refine-estetik-52886","https://battrehy.se/admin/kliniker/refine-medicin-amp-estetik-jonkoping"
"Reformedica - Plastic surgeon","Örebro","","https://battrehy.se/admin/kliniker/reformedica-plastic-surgeon"
"Roleen Beauty Center","Örebro","https://www.bokadirekt.se/places/beauty-center-by-aveen-60635","https://battrehy.se/admin/kliniker/roleen-beauty-center"
"Salong Perfect You","Linköping","","https://battrehy.se/admin/kliniker/salong-perfect-you"
"Sandras skönhetsvård","Torslanda","https://www.bokadirekt.se/places/sandras-skonhetsvard-28796","https://battrehy.se/admin/kliniker/sandras-skonhetsvard"
"Sansi Clinic","Göteborg","https://www.bokadirekt.se/places/sansi-clinic-34027","https://battrehy.se/admin/kliniker/sansi-clinic"
"Saras Laser & Beauty Klinik","Uppsala","https://www.bokadirekt.se/places/saras-laser-beauty-klinik-26399","https://battrehy.se/admin/kliniker/saras-laser-beauty-klinik"
"Sculpté - Klinik & Akademi","Göteborg","https://sculpte.valei.com/","https://battrehy.se/admin/kliniker/sculpt-klinik-akademi"
"Sculpté – Klinik &amp; Akademi","Göteborg","","https://battrehy.se/admin/kliniker/sculpt-klinik-amp-akademi-goteborg"
"Sens à skin","Kungsbacka","https://www.bokadirekt.se/places/sens-a-skin-2634","https://battrehy.se/admin/kliniker/sens-skin"
"Senso Estetik AB","Sjömarken","https://www.bokadirekt.se/places/senso-estetik-41336","https://battrehy.se/admin/kliniker/senso-estetik-ab-sjomarken"
"Setic Skincare Luleå","Luleå","https://www.bokadirekt.se/places/setic-skincare-lulea-8933","https://battrehy.se/admin/kliniker/setic-skincare-lulea"
"Setic Skincare Piteå","Piteå","https://www.bokadirekt.se/places/setic-skincare-pitea-8693","https://battrehy.se/admin/kliniker/setic-skincare-pitea"
"Shibas Clinic","Helsingborg","https://www.bokadirekt.se/places/shibas-clinic-helsingborg-42170","https://battrehy.se/admin/kliniker/shibas-clinic"
"Shima hudvårdsklinik","Uppsala","https://www.bokadirekt.se/places/shima-hudvardsklinik-31333","https://battrehy.se/admin/kliniker/shima-hudvardsklinik"
"Silhuetts Klinik","Mullsjö","https://www.bokadirekt.se/places/looking-perfect-13602#book","https://battrehy.se/admin/kliniker/silhuetts-klinik-mullsjo"
"Skin & Beauty","Västerås","https://www.bokadirekt.se/places/skin-and-beauty-25727","https://battrehy.se/admin/kliniker/skin-beauty"
"Skin Delight Clinic","Stockholm","https://www.bokadirekt.se/places/skin-delight-clinic-clinic-gamla-stan-17606","https://battrehy.se/admin/kliniker/skin-delight-clinic"
"Skin etc. skincare & spa","Göteborg","https://www.bokadirekt.se/places/skin-etc-6315","https://battrehy.se/admin/kliniker/skin-etc-skincare-spa"
"Skin Focus","Malmö","https://www.bokadirekt.se/places/skin-focus-clinic-25788","https://battrehy.se/admin/kliniker/skin-focus"
"Skin Nurse Uppsala","Uppsala","https://www.bokadirekt.se/places/skin-nurse-uppsala-17780","https://battrehy.se/admin/kliniker/skin-nurse-uppsala"
"Skin Retreat","Helsingborg","https://skinretreat.valei.com/","https://battrehy.se/admin/kliniker/skin-retreat"
"Skin Shape Klinik","Västerås","","https://battrehy.se/admin/kliniker/skin-shape-klinik"
"SKIN.improvements by S.","Malmö","https://www.bokadirekt.se/places/skin-improvements-by-s-28217","https://battrehy.se/admin/kliniker/skin-improvements-by-s"
"SkinCare Åsa Thorszelius AB","Uppsala","https://www.bokadirekt.se/places/skin-care-uppsala-41983","https://battrehy.se/admin/kliniker/skincare-asa-thorszelius-ab"
"SKINCERELY","Stockholm","https://www.bokadirekt.se/places/skincerely-24288","https://battrehy.se/admin/kliniker/skincerely"
"Skinclinic NKPG","Norrköping","https://www.bokadirekt.se/places/skinclinic-nkpg-28213","https://battrehy.se/admin/kliniker/skinclinic-nkpg"
"SkinDelight Clinic AB","Stockholm","https://www.bokadirekt.se/places/skin-delight-clinic-clinic-gamla-stan-17606","https://battrehy.se/admin/kliniker/skindelight-clinic-ab-stockholm"
"Skinify","Umeå","https://www.bokadirekt.se/places/skinify-48698","https://battrehy.se/admin/kliniker/skinify-umea"
"Skinlaser Clinic","Göteborg","https://www.bokadirekt.se/places/skinlaser-clinic-38446","https://battrehy.se/admin/kliniker/skinlaser-clinic"
"Skinmall Göteborg","Göteborg","https://www.bokadirekt.se/places/skinmall-goteborg-11829","https://battrehy.se/admin/kliniker/skinmall-goteborg"
"SKINRENEW hudvårdsklinik","Norrköping","https://www.bokadirekt.se/places/skinrenew-sussies-styling-team-25278","https://battrehy.se/admin/kliniker/skinrenew-hudvardsklinik"
"SQIN","Stockholm","https://www.bokadirekt.se/places/sqin-22297","https://battrehy.se/admin/kliniker/sqin"
"StayYou by Marlene","Malmö","https://www.bokadirekt.se/places/stayyou-by-marlene-38273","https://battrehy.se/admin/kliniker/stayyou-by-marlene"
"StayYou by Marlene","marlene@horngard.se","","https://battrehy.se/admin/kliniker/stayyou-by-marlene-marlene-horngard-se"
"Stockholm Estetik & Hälsa","Nacka","https://www.bokadirekt.se/places/stockholm-estetik-halsa-nyagatan-44618","https://battrehy.se/admin/kliniker/stockholm-estetik-halsa"
"Stockholm Estetik & Hälsa - Nyagatan","Nacka","https://www.bokadirekt.se/places/stockholm-estetik-halsa-nyagatan-44618","https://battrehy.se/admin/kliniker/stockholm-estetik-halsa-nyagatan"
"Stockholms Beauty Center","Stockholm","","https://battrehy.se/admin/kliniker/stockholms-beauty-center"
"STUDIO BLNESCU","Uppsala","https://www.bokadirekt.se/places/studio-blnescu-31127","https://battrehy.se/admin/kliniker/studio-blnescu"
"studio holpp","Enskede","https://www.bokadirekt.se/places/studio-holpp-43920","https://battrehy.se/admin/kliniker/studio-holpp"
"Svenska Hudkliniker - Karlstad","Karlstad","https://www.bokadirekt.se/places/svenska-hudkliniker-karlstad-12741","https://battrehy.se/admin/kliniker/svenska-hudkliniker-karlstad-karlstad-bokadirekt"
"Svenska Hudkliniker - Stockholm","Stockholm","https://www.bokadirekt.se/places/svenska-hudkliniker-stockholm-41758","https://battrehy.se/admin/kliniker/svenska-hudkliniker-stockholm"
"Svenska Hudvårdskliniken","Visby","https://www.bokadirekt.se/places/svenska-hk-visby-37817","https://battrehy.se/admin/kliniker/svenska-hudvardskliniken-visby"
"Svenska Laser AB","Malmö","https://www.bokadirekt.se/places/svenska-laser-aktiebolag-128997","https://battrehy.se/admin/kliniker/svenska-laser-ab"
"Swedish Beauty Clinic AB","Norrköping","https://www.bokadirekt.se/places/sv-beauty-norrkoping-59331","https://battrehy.se/admin/kliniker/swedish-beauty-clinic-ab"
"Sylve MedKlinik","Uppsala","https://www.bokadirekt.se/places/sylve-medklinik-130217","https://battrehy.se/admin/kliniker/sylve-medklinik"
"Syster.C","Västerås","https://www.bokadirekt.se/places/syster-c-37208","https://battrehy.se/admin/kliniker/syster-c"
"TDN Clinic","Rönninge","","https://battrehy.se/admin/kliniker/tdn-clinic-ronninge"
"Terrakliniken, Göteborg - Bokadirekt","Göteborg","https://www.bokadirekt.se/places/terrakliniken-44965","https://battrehy.se/admin/kliniker/terrakliniken-goteborg-bokadirekt"
"The Beauty Key","Göteborg","https://www.bokadirekt.se/places/the-beauty-key-ab-30067","https://battrehy.se/admin/kliniker/the-beauty-key"
"The K Facial","Stockholm","https://www.bokadirekt.se/places/the-k-facial-132045","https://battrehy.se/admin/kliniker/the-k-facial"
"Timra Medical - Botox, Filler & Trådlyft i Stockholm","Stockholm","https://www.bokadirekt.se/places/timra-medical-ab-27766","https://battrehy.se/admin/kliniker/timra-medical-botox-filler-tradlyft-i-stockholm"
"Vackeruppsala","Uppsala","https://www.bokadirekt.se/places/vackeruppsala-27458","https://battrehy.se/admin/kliniker/vackeruppsala"
"Vallentuna Hudvårdssalong","Vallentuna","https://www.bokadirekt.se/places/vallentuna-hudvardssalong-12317","https://battrehy.se/admin/kliniker/vallentuna-hudvardssalong"
"Vanish Laser","Malmö","https://www.bokadirekt.se/places/vanish-laser-hudklinik-laservanish-43447","https://battrehy.se/admin/kliniker/vanish-laser"
"Västerås Beauty and Wellness AB","Västerås","https://www.bokadirekt.se/places/vasteras-beauty-wellness-47209","https://battrehy.se/admin/kliniker/vasteras-beauty-and-wellness-ab"
"Västermalms Privatklinik AB","Västerås","https://www.bokadirekt.se/places/vastermalms-privatklinik-dream-31267","https://battrehy.se/admin/kliniker/vastermalms-privatklinik-ab"
"Växjö laserklinik","Växjö","https://www.bokadirekt.se/places/vaxjo-laserklinik-48240","https://battrehy.se/admin/kliniker/vaxjo-laserklinik-vaxjo"
"Venturakliniken","Nacka","https://www.bokadirekt.se/places/venturakliniken-15446","https://battrehy.se/admin/kliniker/venturakliniken-nacka"
"Vikor klinik","Göteborg","https://www.bokadirekt.se/places/vikor-klinik-i-jonkoping-17121","https://battrehy.se/admin/kliniker/vikor-klinik-goteborg"
"VisageVital","Malmö","https://www.bokadirekt.se/places/stina-sunnanvader-visagevital-59352","https://battrehy.se/admin/kliniker/visagevital-malmo"
"Vital Esthetique Norway/Sweden","Grebbestad","https://www.bokadirekt.se/places/vital-esthetique-grebbestad-22239","https://battrehy.se/admin/kliniker/vital-esthetique-norway-sweden-grebbestad"
"VN Estetik","Helsingborg","https://www.bokadirekt.se/places/vn-estetik-25216","https://battrehy.se/admin/kliniker/vn-estetik"
"Wall Medical","Stockholm","https://www.bokadirekt.se/places/wall-medical-39280","https://battrehy.se/admin/kliniker/wall-medical-stockholm"
"Y&G Health AB","Helsingborg","https://www.bokadirekt.se/places/yg-health-ab-62260","https://battrehy.se/admin/kliniker/y-g-health-ab"
"You Öster Mälarstrand","Västerås","https://youostermalarstrand.se/boka/","https://battrehy.se/admin/kliniker/you-oster-malarstrand"
"Your Clinic i Stockholm AB","Stockholm","https://www.bokadirekt.se/places/your-clinic-25006","https://battrehy.se/admin/kliniker/your-clinic-i-stockholm-ab-stockholm"
